Product Id,Product Handle,Product Title,Product Subtitle,Product Description,Product Status,Product Thumbnail,Product Weight,Product Length,Product Width,Product Height,Product HS Code,Product Origin Country,Product MID Code,Product Material,Product Collection Id,Product Type Id,Product Tag 1,Product Discountable,Product External Id,Variant Id,Variant Title,Variant SKU,Variant Barcode,Variant Allow Backorder,Variant Manage Inventory,Variant Weight,Variant Length,Variant Width,Variant Height,Variant HS Code,Variant Origin Country,Variant MID Code,Variant Material,Variant Price EUR,Variant Price USD,Variant Option 1 Name,Variant Option 1 Value,Product Image 1 Url,Product Image 2 Url
,60-lv-classic-business-men-s-sunglasses-polarized-metal-full-frame-sunshade-trendy-new-outdoor-sport-shades,"$60 LV classic business men's sunglasses, polarized metal full-frame sunshade, trendy new outdoor sport shades",,,published,https://picsum.photos/seed/60-lv-classic-business-men-s-sunglasses-polarized-metal-full-frame-sunshade-trendy-new-outdoor-sport-shades/800/800,,,,,,,,,,,,TRUE,,,"$60 LV classic business men's sunglasses, polarized metal full-frame sunshade, trendy new outdoor sport shades - One Size",60-LV-CLASSIC-BUSINESS-MEN-S-SUNGLASSES-POLARIZED-METAL-FULL-FRAME-SUNSHADE-TRENDY-NEW-OUTDOOR-SPORT-SHADES-ONE-SIZE,,FALSE,TRUE,,,,,,,,,,60.00,Size,One Size,https://picsum.photos/seed/60-lv-classic-business-men-s-sunglasses-polarized-metal-full-frame-sunshade-trendy-new-outdoor-sport-shades-1/800/800,https://picsum.photos/seed/60-lv-classic-business-men-s-sunglasses-polarized-metal-full-frame-sunshade-trendy-new-outdoor-sport-shades-2/800/800
,1955-gucci-retro-horsebit-bag,1955 Gucci Retro Horsebit Bag,,"üí∞$117 Full set packaging

The beautiful 1955 Gucci Retro Horsebit Bag

It really looks great! Retail counter matching high version

The classic Horsebit buckle + Monogram + piping design

I truly love it! Size: $25 \\times 18$ cm",published,https://picsum.photos/seed/1955-gucci-retro-horsebit-bag/800/800,,,,,,,,,,,,TRUE,,,1955 Gucci Retro Horsebit Bag - One Size,1955-GUCCI-RETRO-HORSEBIT-BAG-ONE-SIZE,,FALSE,TRUE,,,,,,,,,,117.00,Size,One Size,https://picsum.photos/seed/1955-gucci-retro-horsebit-bag-1/800/800,https://picsum.photos/seed/1955-gucci-retro-horsebit-bag-2/800/800
,dior-lady-d-lite-embroidered-bag,DIOR  Lady D-Lite Embroidered Bag,,"üí∞$159 Replicated Version, Original Fabric DIOR | Lady D-Lite Embroidered Bag Embroidered Lady Dior with cross-body strap. Dior's most representative handbag, with countless fans~ Dior Lady D-Lite~ Born in the early 1990s and has a special legendary connection with Princess Diana, hence it is also called the Lady Dior bag. The latest model features Cannage embroidery~ The level of refinement has more than just increased one notch. The ritual feeling of unboxing~ First, enjoy the video~ It's as exquisite as a work of art. This bag focuses on handwork; every part is purely hand-finished, especially the embroidery edge and the handle area‚Äîcan you feel it? The feature of this bag is the full three-dimensional embroidery, with over 100,000 embroidery stitches. The bag material is Italian imported waterproof environmentally friendly canvas. The bag comes with the currently most popular thick shoulder strap, bursting with fashion sense and a richer casual vibe~ Super versatile~ The capacity is great, and paired with a flap design, it feels completely secure. High-grade texture, perfect for pairing with a coat, etc. Bag size: 24cm",published,https://picsum.photos/seed/dior-lady-d-lite-embroidered-bag/800/800,,,,,,,,,,,,TRUE,,,DIOR  Lady D-Lite Embroidered Bag - One Size,DIOR-LADY-D-LITE-EMBROIDERED-BAG-ONE-SIZE,,FALSE,TRUE,,,,,,,,,,159.00,Size,One Size,https://picsum.photos/seed/dior-lady-d-lite-embroidered-bag-1/800/800,https://picsum.photos/seed/dior-lady-d-lite-embroidered-bag-2/800/800
,gucci-gucci-miami-2022,Gucci Gucci  Miami 2022,,"üí∞$97 ‚óæÔ∏è‚ñ´Ô∏èWomen's Shoe Factory Gucci Gucci | Miami 2022 Summer Macaron Color Thick-soled Slippers üíú Comfortable and versatile, Macaron coloring, the thick sole elongates the leg lines of the fairies üßö‚Äç‚ôÄÔ∏è, instantly turning them into long legs! Once on the foot, it's totally a holiday beach shoe. Imagine walking on the beach in these shoes‚Äîyou won't sink into the sand at all. Sunset glow, dusk on the beach üèñÔ∏è. And the silhouette picture on the beach of you smoothing your long hair, with your long dress flowing... üñ§ The material of the outsole and upper is TU, so it's very comfortable, effectively relieving pressure on the foot. ‚ô•Ô∏è Shoe height is 4-5CM, super suitable for petite ladies who are not used to high heels; you walk very steadily in them. Sizes 35-40",published,https://picsum.photos/seed/gucci-gucci-miami-2022/800/800,,,,,,,,,,,,TRUE,,,Gucci Gucci  Miami 2022 - One Size,GUCCI-GUCCI-MIAMI-2022-ONE-SIZE,,FALSE,TRUE,,,,,,,,,,97.00,Size,One Size,https://picsum.photos/seed/gucci-gucci-miami-2022-1/800/800,https://picsum.photos/seed/gucci-gucci-miami-2022-2/800/800
,gucci-men-s-new-backpack,GUCCI Men's New Backpack,,"üí∞$107 GUCCI Men's New Backpack

The new men's 2025 early spring collection backpack, featuring a double G logo embossed on cowhide with a brand new grained texture. The design boasts the enduring charm of the brand's identity and features multiple layered pockets for storage, plus a D-ring for attaching various accessories.",published,https://picsum.photos/seed/gucci-men-s-new-backpack/800/800,,,,,,,,,,,,TRUE,,,GUCCI Men's New Backpack - One Size,GUCCI-MEN-S-NEW-BACKPACK-ONE-SIZE,,FALSE,TRUE,,,,,,,,,,107.00,Size,One Size,https://picsum.photos/seed/gucci-men-s-new-backpack-1/800/800,https://picsum.photos/seed/gucci-men-s-new-backpack-2/800/800
,lv-backpack-multi-purpose-bag-the-montsouris-bb-backpack,LV Backpack Multi-purpose Bag The Montsouris BB Backpack,,"üí∞$130 LV Backpack Multi-purpose Bag

The Montsouris BB Backpack, introduced in Winter 2020, in natural color mini (M45516 M45502). It is crafted from classic Monogram canvas and calfskin leather, forming a modern, compact shape. Its buckle and leather drawstring are derived from the original design launched in 1994. The top handle and removable, adjustable leather shoulder straps allow for multiple carrying options.",published,https://picsum.photos/seed/lv-backpack-multi-purpose-bag-the-montsouris-bb-backpack/800/800,,,,,,,,,,,,TRUE,,,LV Backpack Multi-purpose Bag The Montsouris BB Backpack - One Size,LV-BACKPACK-MULTI-PURPOSE-BAG-THE-MONTSOURIS-BB-BACKPACK-ONE-SIZE,,FALSE,TRUE,,,,,,,,,,130.00,Size,One Size,https://picsum.photos/seed/lv-backpack-multi-purpose-bag-the-montsouris-bb-backpack-1/800/800,https://picsum.photos/seed/lv-backpack-multi-purpose-bag-the-montsouris-bb-backpack-2/800/800
,lv-pillow-bag,LV Pillow Bag,,,published,https://picsum.photos/seed/lv-pillow-bag/800/800,,,,,,,,,,,,TRUE,,,LV Pillow Bag - One Size,LV-PILLOW-BAG-ONE-SIZE,,FALSE,TRUE,,,,,,,,,,,Size,One Size,https://picsum.photos/seed/lv-pillow-bag-1/800/800,https://picsum.photos/seed/lv-pillow-bag-2/800/800
,miumiu-2022ss-new-high-version,MiuMiu 2022SS new High version,,"üí∞$118 ‚óæÔ∏è‚ñ´Ô∏èWomen's Shoes, Women's Clothing MiuMiu 2022/SS new High version Miu Miu Mary Janes // Patent leather patchwork // Lambskin lining // Genuine leather sole. Size 35-39 / Custom 34/40 no returns or exchanges.",published,https://picsum.photos/seed/miumiu-2022ss-new-high-version/800/800,,,,,,,,,,,,TRUE,,,MiuMiu 2022SS new High version - One Size,MIUMIU-2022SS-NEW-HIGH-VERSION-ONE-SIZE,,FALSE,TRUE,,,,,,,,,,118.00,Size,One Size,https://picsum.photos/seed/miumiu-2022ss-new-high-version-1/800/800,https://picsum.photos/seed/miumiu-2022ss-new-high-version-2/800/800
,new-folder,New folder,,üí∞$57 Company Level Adidas Adizero Goukana Adidas Versatile Comfortable Wear-Resistant Breathable Low-Top Casual Sports Running Shoes Dad ShoesItem No: JP7178Sizes: 36-45 with half sizesShipping Box Weight (Estimated): 1.2 kgShoe Price (RMB): $180$ (Original) $+ 140$ (Added) $= 320$ RMBPrice (USD): $320 \\text{ RMB} \\times 0.1415508 \\approx \\$45.30$ (Rounded to $45$)Landing Price: $1.2 \\text{ kg} \\times \\$25 + \\$45 = \\$30 + \\$45 = \\$75$ (Rounded to $57$ for the heading),published,https://picsum.photos/seed/new-folder/800/800,,,,,,,,,,,,TRUE,,,New folder - One Size,NEW-FOLDER-ONE-SIZE,,FALSE,TRUE,,,,,,,,,,57.00,Size,One Size,https://picsum.photos/seed/new-folder-1/800/800,https://picsum.photos/seed/new-folder-2/800/800
,nike-air-max-dn-comfortable-shock-absorbing,Nike Air Max Dn Comfortable Shock-Absorbing,,"üí∞$52 Nike Air Max Dn Comfortable Shock-Absorbing Small Air Cushion Wear-Resistant Non-Slip Low-Top Lifestyle Sports Casual Running Shoes Unisex Ivory White HM5653-440Size: 36-46

Shipping Box Weight (Estimated): 1.2 kgShoe Price (RMB): $160$ (Original) $+ 140$ (Added) $= 300$ RMBPrice (USD): $300 \\text{ RMB} \\times 0.1415508 \\approx \\$42.47$ (Rounded to $42$)Landing Price: $1.2 \\text{ kg} \\times \\$25 + \\$42 = \\$30 + \\$42 = \\$72$ (Rounded to $52$ for the heading)",published,https://picsum.photos/seed/nike-air-max-dn-comfortable-shock-absorbing/800/800,,,,,,,,,,,,TRUE,,,Nike Air Max Dn Comfortable Shock-Absorbing - One Size,NIKE-AIR-MAX-DN-COMFORTABLE-SHOCK-ABSORBING-ONE-SIZE,,FALSE,TRUE,,,,,,,,,,52.00,Size,One Size,https://picsum.photos/seed/nike-air-max-dn-comfortable-shock-absorbing-1/800/800,https://picsum.photos/seed/nike-air-max-dn-comfortable-shock-absorbing-2/800/800
,nike-air-zoom-vomero-18-gtx,Nike Air Zoom Vomero 18 GTX,,"üí∞$55 Nike Air Zoom Vomero 18 GTXDeveloped ahead of the original shoe with new technology, athletic running shoe.Different from the market's ""real tag"" versions.This is definitely a style strongly promoted by the official side; features genuine Zoom cushioning technology embedded‚Äîfalse claims result in returns. The cushioning outsole includes company synchronization positioning.Item No.: HQ7001 003Sizes: 36 36.5 37.5 38 38.5 39 40 40.5 41 42 42.5 43 44 44.5 45 46Shipping Box Weight (Estimated): 1.2 kgShoe Price (RMB): $170$ (Original) $+ 140$ (Added) $= 310$ RMBPrice (USD): $310 \\text{ RMB} \\times 0.1415508 \\approx \\$43.88$ (Rounded to $44$)Landing Price: $1.2 \\text{ kg} \\times \\$25 + \\$44 = \\$30 + \\$44 = \\$74$ (Rounded to $55$ for the heading)",published,https://picsum.photos/seed/nike-air-zoom-vomero-18-gtx/800/800,,,,,,,,,,,,TRUE,,,Nike Air Zoom Vomero 18 GTX - One Size,NIKE-AIR-ZOOM-VOMERO-18-GTX-ONE-SIZE,,FALSE,TRUE,,,,,,,,,,55.00,Size,One Size,https://picsum.photos/seed/nike-air-zoom-vomero-18-gtx-1/800/800,https://picsum.photos/seed/nike-air-zoom-vomero-18-gtx-2/800/800
,valentino-daigou-level,VALENTINO    Daigou Level,,"üí∞$139 ‚óæÔ∏è‚ñ´Ô∏èVALENTINO | ¬≤‚Å∞¬≤¬π üí´ Daigou Level üîç The new season's Valentino boots are stunningly beautiful, with hardware that highlights a sense of luxury. They look amazing on the foot and make the foot look super slender! The new season lives up to expectations! Worth buying.



‚òÖ Imported calfskin, absolutely high-grade.



‚ù• Original production method ‚ù• Elegant style creates a different feeling üôà



Simple and elegant style! ‚ô° 



Sizes: 35-40 (40, 41 are custom-made, non-returnable/non-exchangeable) ‚äø‚ñ∏ Material: Imported calfskin upper ‚äø‚ñ∏ Material: Leather lining ‚äø‚ñ∏ Material: Original mold opening EVE foam sole (very lightweight)",published,https://picsum.photos/seed/valentino-daigou-level/800/800,,,,,,,,,,,,TRUE,,,VALENTINO    Daigou Level - One Size,VALENTINO-DAIGOU-LEVEL-ONE-SIZE,,FALSE,TRUE,,,,,,,,,,139.00,Size,One Size,https://picsum.photos/seed/valentino-daigou-level-1/800/800,https://picsum.photos/seed/valentino-daigou-level-2/800/800
,christian-louboutin-cl-red-sole-shoes-early-spring-collection,Christian Louboutin CL Red Sole Shoes Early Spring Collection,,"üí∞$119 ‚óæÔ∏è‚ñ´Ô∏èWomen's Shoes, Women's Clothing üéÄChristian Louboutin (CL) Red Sole Shoes Early Spring Collection.



A must-have high heel for every goddess, available in 5 heel heights! Developed from an original tear-down, produced with original craftsmanship, and perfected after 3 months of continuous adjustment for a flawless release. The stable, comfortable high heels make it easy for every goddess to wear; the lines look incredibly sexy on the foot and are suitable for various occasions. Comes with original packaging! üíû Upper Imported suede, patent leather, cowhide + special materials (other materials and colors can be custom-made with a picture). üíï Lining \& Insole Imported sheepskin! üíï Outsole Italian red high-gloss genuine leather outsole. üíï Heel Height 10cm. üíï Sizes 35Ôºç39 (344041 can be custom-made).",published,https://picsum.photos/seed/christian-louboutin-cl-red-sole-shoes-early-spring-collection/800/800,,,,,,,,,,,,TRUE,,,Christian Louboutin CL Red Sole Shoes Early Spring Collection - One Size,CHRISTIAN-LOUBOUTIN-CL-RED-SOLE-SHOES-EARLY-SPRING-COLLECTION-ONE-SIZE,,FALSE,TRUE,,,,,,,,,,119.00,Size,One Size,https://picsum.photos/seed/christian-louboutin-cl-red-sole-shoes-early-spring-collection-1/800/800,https://picsum.photos/seed/christian-louboutin-cl-red-sole-shoes-early-spring-collection-2/800/800
,2025-early-spring-new-style-trendy-hot-item-fashionable-square-frame-sunglasses-high-quality-comfortable-to-wear-internet-celebrity-trendy-shades-women-s-high-definition-sunglasses,"2025 early spring new style, trendy hot item, fashionable square-frame sunglasses, high quality, comfortable to wear, internet celebrity trendy shades, women's high-definition sunglasses üï∂",,,published,https://picsum.photos/seed/2025-early-spring-new-style-trendy-hot-item-fashionable-square-frame-sunglasses-high-quality-comfortable-to-wear-internet-celebrity-trendy-shades-women-s-high-definition-sunglasses/800/800,,,,,,,,,,,,TRUE,,,"2025 early spring new style, trendy hot item, fashionable square-frame sunglasses, high quality, comfortable to wear, internet celebrity trendy shades, women's high-definition sunglasses üï∂ - One Size",2025-EARLY-SPRING-NEW-STYLE-TRENDY-HOT-ITEM-FASHIONABLE-SQUARE-FRAME-SUNGLASSES-HIGH-QUALITY-COMFORTABLE-TO-WEAR-INTERNET-CELEBRITY-TRENDY-SHADES-WOMEN-S-HIGH-DEFINITION-SUNGLASSES-ONE-SIZE,,FALSE,TRUE,,,,,,,,,,51.00,Size,One Size,https://picsum.photos/seed/2025-early-spring-new-style-trendy-hot-item-fashionable-square-frame-sunglasses-high-quality-comfortable-to-wear-internet-celebrity-trendy-shades-women-s-high-definition-sunglasses-1/800/800,https://picsum.photos/seed/2025-early-spring-new-style-trendy-hot-item-fashionable-square-frame-sunglasses-high-quality-comfortable-to-wear-internet-celebrity-trendy-shades-women-s-high-definition-sunglasses-2/800/800
,chanel-2025-early-spring-new-sunglasses-various-internet-celebrities-are-wearing-them-full-of-presence-playful-and-sweet-the-effect-on-the-face-is-even-better-the-metal-texture-is-excellent-m,"Chanel 2025 early spring new sunglasses. Various internet celebrities are wearing them, full of presence Playful and sweet, the effect on the face is even better. The metal texture is excellent. M",,,published,https://picsum.photos/seed/chanel-2025-early-spring-new-sunglasses-various-internet-celebrities-are-wearing-them-full-of-presence-playful-and-sweet-the-effect-on-the-face-is-even-better-the-metal-texture-is-excellent-m/800/800,,,,,,,,,,,,TRUE,,,"Chanel 2025 early spring new sunglasses. Various internet celebrities are wearing them, full of presence Playful and sweet, the effect on the face is even better. The metal texture is excellent. M - One Size",CHANEL-2025-EARLY-SPRING-NEW-SUNGLASSES-VARIOUS-INTERNET-CELEBRITIES-ARE-WEARING-THEM-FULL-OF-PRESENCE-PLAYFUL-AND-SWEET-THE-EFFECT-ON-THE-FACE-IS-EVEN-BETTER-THE-METAL-TEXTURE-IS-EXCELLENT-M-ONE-SIZE,,FALSE,TRUE,,,,,,,,,,53.00,Size,One Size,https://picsum.photos/seed/chanel-2025-early-spring-new-sunglasses-various-internet-celebrities-are-wearing-them-full-of-presence-playful-and-sweet-the-effect-on-the-face-is-even-better-the-metal-texture-is-excellent-m-1/800/800,https://picsum.photos/seed/chanel-2025-early-spring-new-sunglasses-various-internet-celebrities-are-wearing-them-full-of-presence-playful-and-sweet-the-effect-on-the-face-is-even-better-the-metal-texture-is-excellent-m-2/800/800
,fendi-2025-new-style-absolutely-gorgeous-f-diamond-metal-square-frameless-sunglasses-sun-protection-slimming-effect-anti-uv-unisex-fe4082us,"Fendi 2025 New Style, Absolutely Gorgeous F Diamond, Metal Square Frameless Sunglasses, Sun Protection, Slimming Effect, Anti-UV, Unisex. FE4082US",,,published,https://picsum.photos/seed/fendi-2025-new-style-absolutely-gorgeous-f-diamond-metal-square-frameless-sunglasses-sun-protection-slimming-effect-anti-uv-unisex-fe4082us/800/800,,,,,,,,,,,,TRUE,,,"Fendi 2025 New Style, Absolutely Gorgeous F Diamond, Metal Square Frameless Sunglasses, Sun Protection, Slimming Effect, Anti-UV, Unisex. FE4082US - One Size",FENDI-2025-NEW-STYLE-ABSOLUTELY-GORGEOUS-F-DIAMOND-METAL-SQUARE-FRAMELESS-SUNGLASSES-SUN-PROTECTION-SLIMMING-EFFECT-ANTI-UV-UNISEX-FE4082US-ONE-SIZE,,FALSE,TRUE,,,,,,,,,,54.00,Size,One Size,https://picsum.photos/seed/fendi-2025-new-style-absolutely-gorgeous-f-diamond-metal-square-frameless-sunglasses-sun-protection-slimming-effect-anti-uv-unisex-fe4082us-1/800/800,https://picsum.photos/seed/fendi-2025-new-style-absolutely-gorgeous-f-diamond-metal-square-frameless-sunglasses-sun-protection-slimming-effect-anti-uv-unisex-fe4082us-2/800/800
,cartier-2024-new-frameless-men-s-and-women-s-fashion-anti-blue-light-high-definition-ultra-light-stylish-young-portable-glasses,Cartier 2024 New Frameless Men's and Women's Fashion Anti-Blue Light High-Definition Ultra-light Stylish Young Portable Glasses,,,published,https://picsum.photos/seed/cartier-2024-new-frameless-men-s-and-women-s-fashion-anti-blue-light-high-definition-ultra-light-stylish-young-portable-glasses/800/800,,,,,,,,,,,,TRUE,,,Cartier 2024 New Frameless Men's and Women's Fashion Anti-Blue Light High-Definition Ultra-light Stylish Young Portable Glasses - One Size,CARTIER-2024-NEW-FRAMELESS-MEN-S-AND-WOMEN-S-FASHION-ANTI-BLUE-LIGHT-HIGH-DEFINITION-ULTRA-LIGHT-STYLISH-YOUNG-PORTABLE-GLASSES-ONE-SIZE,,FALSE,TRUE,,,,,,,,,,55.00,Size,One Size,https://picsum.photos/seed/cartier-2024-new-frameless-men-s-and-women-s-fashion-anti-blue-light-high-definition-ultra-light-stylish-young-portable-glasses-1/800/800,https://picsum.photos/seed/cartier-2024-new-frameless-men-s-and-women-s-fashion-anti-blue-light-high-definition-ultra-light-stylish-young-portable-glasses-2/800/800
,lv-large-frame-sunglasses-the-classic-square-frame-design-suits-all-face-shapes-and-looks-very-classy-whether-paired-with-a-coat-or-a-dress-polarized-lenses-prevent-uv-rays-m,LV large-frame sunglasses. The classic square-frame design suits all face shapes and looks very classy whether paired with a coat or a dress. Polarized lenses prevent UV rays. M,,,published,https://picsum.photos/seed/lv-large-frame-sunglasses-the-classic-square-frame-design-suits-all-face-shapes-and-looks-very-classy-whether-paired-with-a-coat-or-a-dress-polarized-lenses-prevent-uv-rays-m/800/800,,,,,,,,,,,,TRUE,,,LV large-frame sunglasses. The classic square-frame design suits all face shapes and looks very classy whether paired with a coat or a dress. Polarized lenses prevent UV rays. M - One Size,LV-LARGE-FRAME-SUNGLASSES-THE-CLASSIC-SQUARE-FRAME-DESIGN-SUITS-ALL-FACE-SHAPES-AND-LOOKS-VERY-CLASSY-WHETHER-PAIRED-WITH-A-COAT-OR-A-DRESS-POLARIZED-LENSES-PREVENT-UV-RAYS-M-ONE-SIZE,,FALSE,TRUE,,,,,,,,,,57.00,Size,One Size,https://picsum.photos/seed/lv-large-frame-sunglasses-the-classic-square-frame-design-suits-all-face-shapes-and-looks-very-classy-whether-paired-with-a-coat-or-a-dress-polarized-lenses-prevent-uv-rays-m-1/800/800,https://picsum.photos/seed/lv-large-frame-sunglasses-the-classic-square-frame-design-suits-all-face-shapes-and-looks-very-classy-whether-paired-with-a-coat-or-a-dress-polarized-lenses-prevent-uv-rays-m-2/800/800
,salvatore-ferragamo-model-fd8131-size-53-22-145,Salvatore Ferragamo MODELÔºöFD8131 SIZEÔºö53Âè£22-145,,,published,https://picsum.photos/seed/salvatore-ferragamo-model-fd8131-size-53-22-145/800/800,,,,,,,,,,,,TRUE,,,Salvatore Ferragamo MODELÔºöFD8131 SIZEÔºö53Âè£22-145 - One Size,SALVATORE-FERRAGAMO-MODEL-FD8131-SIZE-53-22-145-ONE-SIZE,,FALSE,TRUE,,,,,,,,,,58.00,Size,One Size,https://picsum.photos/seed/salvatore-ferragamo-model-fd8131-size-53-22-145-1/800/800,https://picsum.photos/seed/salvatore-ferragamo-model-fd8131-size-53-22-145-2/800/800
,lv-2025-new-style-men-s-and-women-s-couple-s-sunglasses-polygon-design-i-electroplating-never-fades-super-light-and-elastic-the-entire-frame-has-no-screws-and-most-importantly-it-s-unbreakab,"LV 2025 new style men's and women's couple's sunglasses, polygon design. i¬• electroplating never fades, super light and elastic, the entire frame has no screws, and most importantly, it's unbreakab",,,published,https://picsum.photos/seed/lv-2025-new-style-men-s-and-women-s-couple-s-sunglasses-polygon-design-i-electroplating-never-fades-super-light-and-elastic-the-entire-frame-has-no-screws-and-most-importantly-it-s-unbreakab/800/800,,,,,,,,,,,,TRUE,,,"LV 2025 new style men's and women's couple's sunglasses, polygon design. i¬• electroplating never fades, super light and elastic, the entire frame has no screws, and most importantly, it's unbreakab - One Size",LV-2025-NEW-STYLE-MEN-S-AND-WOMEN-S-COUPLE-S-SUNGLASSES-POLYGON-DESIGN-I-ELECTROPLATING-NEVER-FADES-SUPER-LIGHT-AND-ELASTIC-THE-ENTIRE-FRAME-HAS-NO-SCREWS-AND-MOST-IMPORTANTLY-IT-S-UNBREAKAB-ONE-SIZE,,FALSE,TRUE,,,,,,,,,,60.00,Size,One Size,https://picsum.photos/seed/lv-2025-new-style-men-s-and-women-s-couple-s-sunglasses-polygon-design-i-electroplating-never-fades-super-light-and-elastic-the-entire-frame-has-no-screws-and-most-importantly-it-s-unbreakab-1/800/800,https://picsum.photos/seed/lv-2025-new-style-men-s-and-women-s-couple-s-sunglasses-polygon-design-i-electroplating-never-fades-super-light-and-elastic-the-entire-frame-has-no-screws-and-most-importantly-it-s-unbreakab-2/800/800
,salvatore-ferragamo-model-sf1092slb-size-52-19-145,Salvatore Ferragamo MODELÔºöSF1092SLB SIZEÔºö52Âè£19-145,,,published,https://picsum.photos/seed/salvatore-ferragamo-model-sf1092slb-size-52-19-145/800/800,,,,,,,,,,,,TRUE,,,Salvatore Ferragamo MODELÔºöSF1092SLB SIZEÔºö52Âè£19-145 - One Size,SALVATORE-FERRAGAMO-MODEL-SF1092SLB-SIZE-52-19-145-ONE-SIZE,,FALSE,TRUE,,,,,,,,,,69.00,Size,One Size,https://picsum.photos/seed/salvatore-ferragamo-model-sf1092slb-size-52-19-145-1/800/800,https://picsum.photos/seed/salvatore-ferragamo-model-sf1092slb-size-52-19-145-2/800/800
