,lv-classic-business-men-s-sunglasses-polarized-metal-full-frame-sunshade-trendy-new-outdoor-sport-shades,"ğŸ”¥ğŸ”¥LV classic business men's sunglasses, polarized metal full-frame sunshade, trendy new outdoor sport shades",,,published,"C:/Users/Administrator/Pictures/New folder/$60 ğŸ”¥ğŸ”¥LV classic business men's sunglasses, polarized metal full-frame sunshade, trendy new outdoor sport shades/13409871900523275.jpg",,,,,,,,,,,,TRUE,,,,,,FALSE,TRUE,,,,,,,,,,60,Size,One Size,"C:/Users/Administrator/Pictures/New folder/$60 ğŸ”¥ğŸ”¥LV classic business men's sunglasses, polarized metal full-frame sunshade, trendy new outdoor sport shades/13409871900523275.jpg","C:/Users/Administrator/Pictures/New folder/$60 ğŸ”¥ğŸ”¥LV classic business men's sunglasses, polarized metal full-frame sunshade, trendy new outdoor sport shades/13409872006347349.jpg","C:/Users/Administrator/Pictures/New folder/$60 ğŸ”¥ğŸ”¥LV classic business men's sunglasses, polarized metal full-frame sunshade, trendy new outdoor sport shades/13409872011411977.jpg","C:/Users/Administrator/Pictures/New folder/$60 ğŸ”¥ğŸ”¥LV classic business men's sunglasses, polarized metal full-frame sunshade, trendy new outdoor sport shades/13409872014111537.jpg","C:/Users/Administrator/Pictures/New folder/$60 ğŸ”¥ğŸ”¥LV classic business men's sunglasses, polarized metal full-frame sunshade, trendy new outdoor sport shades/13409872021541191.jpg","C:/Users/Administrator/Pictures/New folder/$60 ğŸ”¥ğŸ”¥LV classic business men's sunglasses, polarized metal full-frame sunshade, trendy new outdoor sport shades/13409872026040710.jpg","C:/Users/Administrator/Pictures/New folder/$60 ğŸ”¥ğŸ”¥LV classic business men's sunglasses, polarized metal full-frame sunshade, trendy new outdoor sport shades/13409872031305937.jpg","C:/Users/Administrator/Pictures/New folder/$60 ğŸ”¥ğŸ”¥LV classic business men's sunglasses, polarized metal full-frame sunshade, trendy new outdoor sport shades/13409872033839206.jpg","C:/Users/Administrator/Pictures/New folder/$60 ğŸ”¥ğŸ”¥LV classic business men's sunglasses, polarized metal full-frame sunshade, trendy new outdoor sport shades/13409872035727590.jpg"
,1955-gucci-retro-horsebit-bag,1955 Gucci Retro Horsebit Bag,,"ğŸ’°$117 Full set packaging

The beautiful 1955 Gucci Retro Horsebit Bag

It really looks great! Retail counter matching high version

The classic Horsebit buckle + Monogram + piping design

I truly love it! Size: $25 \times 18$ cm",published,C:/Users/Administrator/Pictures/New folder/1955 Gucci Retro Horsebit Bag/13409874713552217.jpg,,,,,,,,,,,,TRUE,,,,,,FALSE,TRUE,,,,,,,,,,,Size,One Size,C:/Users/Administrator/Pictures/New folder/1955 Gucci Retro Horsebit Bag/13409874713552217.jpg,C:/Users/Administrator/Pictures/New folder/1955 Gucci Retro Horsebit Bag/13409874826824809.jpg,C:/Users/Administrator/Pictures/New folder/1955 Gucci Retro Horsebit Bag/13409874829271168.jpg,C:/Users/Administrator/Pictures/New folder/1955 Gucci Retro Horsebit Bag/13409874834086350.jpg,C:/Users/Administrator/Pictures/New folder/1955 Gucci Retro Horsebit Bag/13409874837246370.jpg,C:/Users/Administrator/Pictures/New folder/1955 Gucci Retro Horsebit Bag/13409874840922881.jpg,C:/Users/Administrator/Pictures/New folder/1955 Gucci Retro Horsebit Bag/13409874844084740.jpg,C:/Users/Administrator/Pictures/New folder/1955 Gucci Retro Horsebit Bag/13409874845908067.jpg,C:/Users/Administrator/Pictures/New folder/1955 Gucci Retro Horsebit Bag/13409874847743724.jpg
,dior-lady-d-lite-embroidered-bag,DIOR  Lady D-Lite Embroidered Bag,,"ğŸ’°$159 Replicated Version, Original Fabric DIOR | Lady D-Lite Embroidered Bag Embroidered Lady Dior with cross-body strap. Dior's most representative handbag, with countless fans~ Dior Lady D-Lite~ Born in the early 1990s and has a special legendary connection with Princess Diana, hence it is also called the Lady Dior bag. The latest model features Cannage embroidery~ The level of refinement has more than just increased one notch. The ritual feeling of unboxing~ First, enjoy the video~ It's as exquisite as a work of art. This bag focuses on handwork; every part is purely hand-finished, especially the embroidery edge and the handle areaâ€”can you feel it? The feature of this bag is the full three-dimensional embroidery, with over 100,000 embroidery stitches. The bag material is Italian imported waterproof environmentally friendly canvas. The bag comes with the currently most popular thick shoulder strap, bursting with fashion sense and a richer casual vibe~ Super versatile~ The capacity is great, and paired with a flap design, it feels completely secure. High-grade texture, perfect for pairing with a coat, etc. Bag size: 24cm",published,C:/Users/Administrator/Pictures/New folder/DIOR  Lady D-Lite Embroidered Bag/13409875382509391.jpg,,,,,,,,,,,,TRUE,,,,,,FALSE,TRUE,,,,,,,,,,,Size,One Size,C:/Users/Administrator/Pictures/New folder/DIOR  Lady D-Lite Embroidered Bag/13409875382509391.jpg,C:/Users/Administrator/Pictures/New folder/DIOR  Lady D-Lite Embroidered Bag/13409875389280533.jpg,C:/Users/Administrator/Pictures/New folder/DIOR  Lady D-Lite Embroidered Bag/13409875391336513.jpg,C:/Users/Administrator/Pictures/New folder/DIOR  Lady D-Lite Embroidered Bag/13409875393146286.jpg,C:/Users/Administrator/Pictures/New folder/DIOR  Lady D-Lite Embroidered Bag/13409875395504073.jpg,C:/Users/Administrator/Pictures/New folder/DIOR  Lady D-Lite Embroidered Bag/13409875397395703.jpg,C:/Users/Administrator/Pictures/New folder/DIOR  Lady D-Lite Embroidered Bag/13409875399435772.jpg,C:/Users/Administrator/Pictures/New folder/DIOR  Lady D-Lite Embroidered Bag/13409875401450513.jpg,C:/Users/Administrator/Pictures/New folder/DIOR  Lady D-Lite Embroidered Bag/13409875403480669.jpg
,gucci-gucci-miami-2022,Gucci Gucci  Miami 2022,,"ğŸ’°$97 â—¾ï¸â–«ï¸Women's Shoe Factory Gucci Gucci | Miami 2022 Summer Macaron Color Thick-soled Slippers ğŸ’œ Comfortable and versatile, Macaron coloring, the thick sole elongates the leg lines of the fairies ğŸ§šâ€â™€ï¸, instantly turning them into long legs! Once on the foot, it's totally a holiday beach shoe. Imagine walking on the beach in these shoesâ€”you won't sink into the sand at all. Sunset glow, dusk on the beach ğŸ–ï¸. And the silhouette picture on the beach of you smoothing your long hair, with your long dress flowing... ğŸ–¤ The material of the outsole and upper is TU, so it's very comfortable, effectively relieving pressure on the foot. â™¥ï¸ Shoe height is 4-5CM, super suitable for petite ladies who are not used to high heels; you walk very steadily in them. Sizes 35-40",published,C:/Users/Administrator/Pictures/New folder/Gucci Gucci  Miami 2022/13409873708206692.jpg,,,,,,,,,,,,TRUE,,,,,,FALSE,TRUE,,,,,,,,,,,Size,One Size,C:/Users/Administrator/Pictures/New folder/Gucci Gucci  Miami 2022/13409873708206692.jpg,C:/Users/Administrator/Pictures/New folder/Gucci Gucci  Miami 2022/13409873713344573.jpg,C:/Users/Administrator/Pictures/New folder/Gucci Gucci  Miami 2022/13409873715412008.jpg,C:/Users/Administrator/Pictures/New folder/Gucci Gucci  Miami 2022/13409873717227326.jpg,C:/Users/Administrator/Pictures/New folder/Gucci Gucci  Miami 2022/13409873719101619.jpg,C:/Users/Administrator/Pictures/New folder/Gucci Gucci  Miami 2022/13409873720911033.jpg,C:/Users/Administrator/Pictures/New folder/Gucci Gucci  Miami 2022/13409873722701311.jpg,C:/Users/Administrator/Pictures/New folder/Gucci Gucci  Miami 2022/13409873724652292.jpg,C:/Users/Administrator/Pictures/New folder/Gucci Gucci  Miami 2022/13409873726449978.jpg
,gucci-men-s-new-backpack,GUCCI Men's New Backpack,,"ğŸ’°$107 GUCCI Men's New Backpack

The new men's 2025 early spring collection backpack, featuring a double G logo embossed on cowhide with a brand new grained texture. The design boasts the enduring charm of the brand's identity and features multiple layered pockets for storage, plus a D-ring for attaching various accessories.",published,C:/Users/Administrator/Pictures/New folder/GUCCI Men's New Backpack/13409875065291713.jpg,,,,,,,,,,,,TRUE,,,,,,FALSE,TRUE,,,,,,,,,,,Size,One Size,C:/Users/Administrator/Pictures/New folder/GUCCI Men's New Backpack/13409875065291713.jpg,C:/Users/Administrator/Pictures/New folder/GUCCI Men's New Backpack/13409875075677265.jpg,C:/Users/Administrator/Pictures/New folder/GUCCI Men's New Backpack/13409875077739910.jpg,C:/Users/Administrator/Pictures/New folder/GUCCI Men's New Backpack/13409875080449089.jpg,C:/Users/Administrator/Pictures/New folder/GUCCI Men's New Backpack/13409875082389869.jpg,C:/Users/Administrator/Pictures/New folder/GUCCI Men's New Backpack/13409875084313022.jpg,C:/Users/Administrator/Pictures/New folder/GUCCI Men's New Backpack/13409875086263861.jpg,C:/Users/Administrator/Pictures/New folder/GUCCI Men's New Backpack/13409875088069703.jpg,C:/Users/Administrator/Pictures/New folder/GUCCI Men's New Backpack/13409875089873529.jpg
,lv-backpack-multi-purpose-bag-the-montsouris-bb-backpack,LV Backpack Multi-purpose Bag The Montsouris BB Backpack,,"ğŸ’°$130 LV Backpack Multi-purpose Bag

The Montsouris BB Backpack, introduced in Winter 2020, in natural color mini (M45516 M45502). It is crafted from classic Monogram canvas and calfskin leather, forming a modern, compact shape. Its buckle and leather drawstring are derived from the original design launched in 1994. The top handle and removable, adjustable leather shoulder straps allow for multiple carrying options.",published,C:/Users/Administrator/Pictures/New folder/LV Backpack Multi-purpose Bag The Montsouris BB Backpack/13409875654011937.jpg,,,,,,,,,,,,TRUE,,,,,,FALSE,TRUE,,,,,,,,,,,Size,One Size,C:/Users/Administrator/Pictures/New folder/LV Backpack Multi-purpose Bag The Montsouris BB Backpack/13409875654011937.jpg,C:/Users/Administrator/Pictures/New folder/LV Backpack Multi-purpose Bag The Montsouris BB Backpack/13409875664311171.jpg,C:/Users/Administrator/Pictures/New folder/LV Backpack Multi-purpose Bag The Montsouris BB Backpack/13409875666066252.jpg,C:/Users/Administrator/Pictures/New folder/LV Backpack Multi-purpose Bag The Montsouris BB Backpack/13409875667931248.jpg,C:/Users/Administrator/Pictures/New folder/LV Backpack Multi-purpose Bag The Montsouris BB Backpack/13409875669815974.jpg,C:/Users/Administrator/Pictures/New folder/LV Backpack Multi-purpose Bag The Montsouris BB Backpack/13409875672343386.jpg,C:/Users/Administrator/Pictures/New folder/LV Backpack Multi-purpose Bag The Montsouris BB Backpack/13409875674593903.jpg,C:/Users/Administrator/Pictures/New folder/LV Backpack Multi-purpose Bag The Montsouris BB Backpack/13409875676899174.jpg,C:/Users/Administrator/Pictures/New folder/LV Backpack Multi-purpose Bag The Montsouris BB Backpack/13409875679313349.jpg
,lv-pillow-bag,LV Pillow Bag,,,published,C:/Users/Administrator/Pictures/New folder/LV Pillow Bag/13409875881950406.jpg,,,,,,,,,,,,TRUE,,,,,,FALSE,TRUE,,,,,,,,,,,Size,One Size,C:/Users/Administrator/Pictures/New folder/LV Pillow Bag/13409875881950406.jpg,C:/Users/Administrator/Pictures/New folder/LV Pillow Bag/13409875886032547.jpg,C:/Users/Administrator/Pictures/New folder/LV Pillow Bag/13409875888264041.jpg,C:/Users/Administrator/Pictures/New folder/LV Pillow Bag/13409875890247388.jpg,C:/Users/Administrator/Pictures/New folder/LV Pillow Bag/13409875893739832.jpg,C:/Users/Administrator/Pictures/New folder/LV Pillow Bag/13409875895747677.jpg,C:/Users/Administrator/Pictures/New folder/LV Pillow Bag/13409875897646614.jpg,C:/Users/Administrator/Pictures/New folder/LV Pillow Bag/13409875899665034.jpg,C:/Users/Administrator/Pictures/New folder/LV Pillow Bag/13409875904082627.jpg
,miumiu-2022ss-new-high-version,MiuMiu 2022SS new High version,,"ğŸ’°$118 â—¾ï¸â–«ï¸Women's Shoes, Women's Clothing MiuMiu 2022/SS new High version Miu Miu Mary Janes // Patent leather patchwork // Lambskin lining // Genuine leather sole. Size 35-39 / Custom 34/40 no returns or exchanges.",published,C:/Users/Administrator/Pictures/New folder/MiuMiu 2022SS new High version/13409874168072646.jpg,,,,,,,,,,,,TRUE,,,,,,FALSE,TRUE,,,,,,,,,,,Size,One Size,C:/Users/Administrator/Pictures/New folder/MiuMiu 2022SS new High version/13409874168072646.jpg,C:/Users/Administrator/Pictures/New folder/MiuMiu 2022SS new High version/13409874241815439.jpg,C:/Users/Administrator/Pictures/New folder/MiuMiu 2022SS new High version/13409874243724522.jpg,C:/Users/Administrator/Pictures/New folder/MiuMiu 2022SS new High version/13409874245681940.jpg,C:/Users/Administrator/Pictures/New folder/MiuMiu 2022SS new High version/13409874247448294.jpg,C:/Users/Administrator/Pictures/New folder/MiuMiu 2022SS new High version/13409874249550609.jpg,C:/Users/Administrator/Pictures/New folder/MiuMiu 2022SS new High version/13409874251347441.jpg,C:/Users/Administrator/Pictures/New folder/MiuMiu 2022SS new High version/13409874253247120.jpg
,new-folder,New folder,,ğŸ’°$57 Company Level Adidas Adizero Goukana Adidas Versatile Comfortable Wear-Resistant Breathable Low-Top Casual Sports Running Shoes Dad ShoesItem No: JP7178Sizes: 36-45 with half sizesShipping Box Weight (Estimated): 1.2 kgShoe Price (RMB): $180$ (Original) $+ 140$ (Added) $= 320$ RMBPrice (USD): $320 	ext{ RMB} 	imes 0.1415508 	ext{ approx } \$45.30$ (Rounded to $45$)Landing Price: $1.2 	ext{ kg} 	imes \$25 + \$45 = \$30 + \$45 = \$75$ (Rounded to $57$ for the heading),published,C:/Users/Administrator/Pictures/New folder/New folder/13409876785507845.jpg,,,,,,,,,,,,TRUE,,,,,,FALSE,TRUE,,,,,,,,,,,Size,One Size,C:/Users/Administrator/Pictures/New folder/New folder/13409876785507845.jpg,C:/Users/Administrator/Pictures/New folder/New folder/13409876792500978.jpg,C:/Users/Administrator/Pictures/New folder/New folder/13409876795493612.jpg,C:/Users/Administrator/Pictures/New folder/New folder/13409876797340557.jpg,C:/Users/Administrator/Pictures/New folder/New folder/13409876799009912.jpg,C:/Users/Administrator/Pictures/New folder/New folder/13409876800707599.jpg,C:/Users/Administrator/Pictures/New folder/New folder/13409876802602915.jpg,C:/Users/Administrator/Pictures/New folder/New folder/13409876804410912.jpg,C:/Users/Administrator/Pictures/New folder/New folder/Image_2025-12-10_234727_535.jpg
,nike-air-max-dn-comfortable-shock-absorbing,Nike Air Max Dn Comfortable Shock-Absorbing,,"ğŸ’°$52 Nike Air Max Dn Comfortable Shock-Absorbing Small Air Cushion Wear-Resistant Non-Slip Low-Top Lifestyle Sports Casual Running Shoes Unisex Ivory White HM5653-440Size: 36-46

Shipping Box Weight (Estimated): 1.2 kgShoe Price (RMB): $160$ (Original) $+ 140$ (Added) $= 300$ RMBPrice (USD): $300 	ext{ RMB} 	imes 0.1415508 	ext{ approx } \$42.47$ (Rounded to $42$)Landing Price: $1.2 	ext{ kg} 	imes \$25 + \$42 = \$30 + \$42 = \$72$ (Rounded to $52$ for the heading)",published,C:/Users/Administrator/Pictures/New folder/Nike Air Max Dn Comfortable Shock-Absorbing/13409876267313675.jpg,,,,,,,,,,,,TRUE,,,,,,FALSE,TRUE,,,,,,,,,,,Size,One Size,C:/Users/Administrator/Pictures/New folder/Nike Air Max Dn Comfortable Shock-Absorbing/13409876267313675.jpg,C:/Users/Administrator/Pictures/New folder/Nike Air Max Dn Comfortable Shock-Absorbing/13409876275680337.jpg,C:/Users/Administrator/Pictures/New folder/Nike Air Max Dn Comfortable Shock-Absorbing/13409876278559124.jpg,C:/Users/Administrator/Pictures/New folder/Nike Air Max Dn Comfortable Shock-Absorbing/13409876280383982.jpg,C:/Users/Administrator/Pictures/New folder/Nike Air Max Dn Comfortable Shock-Absorbing/13409876282295481.jpg,C:/Users/Administrator/Pictures/New folder/Nike Air Max Dn Comfortable Shock-Absorbing/13409876284105618.jpg
,nike-air-zoom-vomero-18-gtx,Nike Air Zoom Vomero 18 GTX,,"ğŸ’°$55 Nike Air Zoom Vomero 18 GTXDeveloped ahead of the original shoe with new technology, athletic running shoe.Different from the market's ""real tag"" versions.This is definitely a style strongly promoted by the official side; features genuine Zoom cushioning technology embeddedâ€”false claims result in returns. The cushioning outsole includes company synchronization positioning.Item No.: HQ7001 003Sizes: 36 36.5 37.5 38 38.5 39 40 40.5 41 42 42.5 43 44 44.5 45 46Shipping Box Weight (Estimated): 1.2 kgShoe Price (RMB): $170$ (Original) $+ 140$ (Added) $= 310$ RMBPrice (USD): $310 	ext{ RMB} 	imes 0.1415508 	ext{ approx } \$43.88$ (Rounded to $44$)Landing Price: $1.2 	ext{ kg} 	imes \$25 + \$44 = \$30 + \$44 = \$74$ (Rounded to $55$ for the heading)",published,C:/Users/Administrator/Pictures/New folder/Nike Air Zoom Vomero 18 GTX/13409876550464293.jpg,,,,,,,,,,,,TRUE,,,,,,FALSE,TRUE,,,,,,,,,,,Size,One Size,C:/Users/Administrator/Pictures/New folder/Nike Air Zoom Vomero 18 GTX/13409876550464293.jpg,C:/Users/Administrator/Pictures/New folder/Nike Air Zoom Vomero 18 GTX/13409876568589344.jpg,C:/Users/Administrator/Pictures/New folder/Nike Air Zoom Vomero 18 GTX/13409876570400887.jpg,C:/Users/Administrator/Pictures/New folder/Nike Air Zoom Vomero 18 GTX/13409876572092009.jpg,C:/Users/Administrator/Pictures/New folder/Nike Air Zoom Vomero 18 GTX/13409876574098861.jpg,C:/Users/Administrator/Pictures/New folder/Nike Air Zoom Vomero 18 GTX/13409876579280965.jpg
,valentino-daigou-level,VALENTINO  Â²â°Â²Â¹ ğŸ’« Daigou Level,,"ğŸ’°$139 â—¾ï¸â–«ï¸VALENTINO | Â²â°Â²Â¹ ğŸ’« Daigou Level ğŸ” The new season's Valentino boots are stunningly beautiful, with hardware that highlights a sense of luxury. They look amazing on the foot and make the foot look super slender! The new season lives up to expectations! Worth buying.


â˜… Imported calfskin, absolutely high-grade.

â¥ Original production method â¥ Elegant style creates a different feeling ğŸ™ˆ

Simple and elegant style! â™¡ 

Sizes: 35-40 (40, 41 are custom-made, non-returnable/non-exchangeable) âŠ¿â–¸ Material: Imported calfskin upper âŠ¿â–¸ Material: Leather lining âŠ¿â–¸ Material: Original mold opening EVE foam sole (very lightweight)",published,C:/Users/Administrator/Pictures/New folder/VALENTINO  Â²â°Â²Â¹ ğŸ’« Daigou Level/13409873997181179.jpg,,,,,,,,,,,,TRUE,,,,,,FALSE,TRUE,,,,,,,,,,,Size,One Size,C:/Users/Administrator/Pictures/New folder/VALENTINO  Â²â°Â²Â¹ ğŸ’« Daigou Level/13409873997181179.jpg,C:/Users/Administrator/Pictures/New folder/VALENTINO  Â²â°Â²Â¹ ğŸ’« Daigou Level/13409874002833059.jpg,C:/Users/Administrator/Pictures/New folder/VALENTINO  Â²â°Â²Â¹ ğŸ’« Daigou Level/13409874005279567.jpg,C:/Users/Administrator/Pictures/New folder/VALENTINO  Â²â°Â²Â¹ ğŸ’« Daigou Level/13409874007253586.jpg,C:/Users/Administrator/Pictures/New folder/VALENTINO  Â²â°Â²Â¹ ğŸ’« Daigou Level/13409874009112463.jpg,C:/Users/Administrator/Pictures/New folder/VALENTINO  Â²â°Â²Â¹ ğŸ’« Daigou Level/13409874011081733.jpg,C:/Users/Administrator/Pictures/New folder/VALENTINO  Â²â°Â²Â¹ ğŸ’« Daigou Level/13409874012969180.jpg,C:/Users/Administrator/Pictures/New folder/VALENTINO  Â²â°Â²Â¹ ğŸ’« Daigou Level/Image_2025-12-10_225946_617.jpg
,christian-louboutin-cl-red-sole-shoes-early-spring-collection,Christian Louboutin CL Red Sole Shoes Early Spring Collection,,"ğŸ’°$119 â—¾ï¸â–«ï¸Women's Shoes, Women's Clothing ğŸ€Christian Louboutin (CL) Red Sole Shoes Early Spring Collection.


A must-have high heel for every goddess, available in 5 heel heights! Developed from an original tear-down, produced with original craftsmanship, and perfected after 3 months of continuous adjustment for a flawless release. The stable, comfortable high heels make it easy for every goddess to wear; the lines look incredibly sexy on the foot and are suitable for various occasions. Comes with original packaging! ğŸ’ Upper Imported suede, patent leather, cowhide + special materials (other materials and colors can be custom-made with a picture). ğŸ’• Lining & Insole Imported sheepskin! ğŸ’• Outsole Italian red high-gloss genuine leather outsole. ğŸ’• Heel Height 10cm. ğŸ’• Sizes 35ï¼39 (344041 can be custom-made).",published,C:/Users/Administrator/Pictures/New folder/ğŸ€Christian Louboutin CL Red Sole Shoes Early Spring Collection/13409873110633015.jpg,,,,,,,,,,,,TRUE,,,,,,FALSE,TRUE,,,,,,,,,,,Size,One Size,C:/Users/Administrator/Pictures/New folder/ğŸ€Christian Louboutin CL Red Sole Shoes Early Spring Collection/13409873110633015.jpg,C:/Users/Administrator/Pictures/New folder/ğŸ€Christian Louboutin CL Red Sole Shoes Early Spring Collection/13409873116069007.jpg,C:/Users/Administrator/Pictures/New folder/ğŸ€Christian Louboutin CL Red Sole Shoes Early Spring Collection/13409873118863026.jpg,C:/Users/Administrator/Pictures/New folder/ğŸ€Christian Louboutin CL Red Sole Shoes Early Spring Collection/13409873121533530.jpg,C:/Users/Administrator/Pictures/New folder/ğŸ€Christian Louboutin CL Red Sole Shoes Early Spring Collection/13409873124032331.jpg,C:/Users/Administrator/Pictures/New folder/ğŸ€Christian Louboutin CL Red Sole Shoes Early Spring Collection/13409873126447265.jpg,C:/Users/Administrator/Pictures/New folder/ğŸ€Christian Louboutin CL Red Sole Shoes Early Spring Collection/13409873129878612.jpg,C:/Users/Administrator/Pictures/New folder/ğŸ€Christian Louboutin CL Red Sole Shoes Early Spring Collection/13409873131935116.jpg
,2025-early-spring-new-style-trendy-hot-item-fashionable-square-frame-sunglasses-high-quality-comfortable-to-wear-internet-celebrity-trendy-shades-women-s-high-definition-sunglasses,"2025 early spring new style, trendy hot item, fashionable square-frame sunglasses, high quality, comfortable to wear, internet celebrity trendy shades, women's high-definition sunglasses ğŸ•¶ï¸",,,published,"C:/Users/Administrator/Pictures/New folder/ğŸ’°$51 ã€Fendiã€‘2025 early spring new style, trendy hot item, fashionable square-frame sunglasses, high quality, comfortable to wear, internet celebrity trendy shades, women's high-definition sunglasses ğŸ•¶ï¸/13409872858013286.jpg",,,,,,,,,,,,TRUE,,,,,,FALSE,TRUE,,,,,,,,,,51,Size,One Size,"C:/Users/Administrator/Pictures/New folder/ğŸ’°$51 ã€Fendiã€‘2025 early spring new style, trendy hot item, fashionable square-frame sunglasses, high quality, comfortable to wear, internet celebrity trendy shades, women's high-definition sunglasses ğŸ•¶ï¸/13409872858013286.jpg","C:/Users/Administrator/Pictures/New folder/ğŸ’°$51 ã€Fendiã€‘2025 early spring new style, trendy hot item, fashionable square-frame sunglasses, high quality, comfortable to wear, internet celebrity trendy shades, women's high-definition sunglasses ğŸ•¶ï¸/13409872863512369.jpg","C:/Users/Administrator/Pictures/New folder/ğŸ’°$51 ã€Fendiã€‘2025 early spring new style, trendy hot item, fashionable square-frame sunglasses, high quality, comfortable to wear, internet celebrity trendy shades, women's high-definition sunglasses ğŸ•¶ï¸/13409872868162205.jpg","C:/Users/Administrator/Pictures/New folder/ğŸ’°$51 ã€Fendiã€‘2025 early spring new style, trendy hot item, fashionable square-frame sunglasses, high quality, comfortable to wear, internet celebrity trendy shades, women's high-definition sunglasses ğŸ•¶ï¸/13409872870036587.jpg","C:/Users/Administrator/Pictures/New folder/ğŸ’°$51 ã€Fendiã€‘2025 early spring new style, trendy hot item, fashionable square-frame sunglasses, high quality, comfortable to wear, internet celebrity trendy shades, women's high-definition sunglasses ğŸ•¶ï¸/13409872871744500.jpg","C:/Users/Administrator/Pictures/New folder/ğŸ’°$51 ã€Fendiã€‘2025 early spring new style, trendy hot item, fashionable square-frame sunglasses, high quality, comfortable to wear, internet celebrity trendy shades, women's high-definition sunglasses ğŸ•¶ï¸/13409872873466042.jpg","C:/Users/Administrator/Pictures/New folder/ğŸ’°$51 ã€Fendiã€‘2025 early spring new style, trendy hot item, fashionable square-frame sunglasses, high quality, comfortable to wear, internet celebrity trendy shades, women's high-definition sunglasses ğŸ•¶ï¸/13409872878216936.jpg","C:/Users/Administrator/Pictures/New folder/ğŸ’°$51 ã€Fendiã€‘2025 early spring new style, trendy hot item, fashionable square-frame sunglasses, high quality, comfortable to wear, internet celebrity trendy shades, women's high-definition sunglasses ğŸ•¶ï¸/13409872880078327.jpg","C:/Users/Administrator/Pictures/New folder/ğŸ’°$51 ã€Fendiã€‘2025 early spring new style, trendy hot item, fashionable square-frame sunglasses, high quality, comfortable to wear, internet celebrity trendy shades, women's high-definition sunglasses ğŸ•¶ï¸/Image_2025-12-10_224127_441.jpg"
,chanel-2025-early-spring-new-sunglasses-various-internet-celebrities-are-wearing-them-full-of-presence-playful-and-sweet-the-effect-on-the-face-is-even-better-the-metal-texture-is-excellent-m,"Chanel 2025 early spring new sunglasses. Various internet celebrities are wearing them, full of presenceâ€¼ï¸ Playful and sweet, the effect on the face is even better. The metal texture is excellent. M",,,published,"C:/Users/Administrator/Pictures/New folder/ğŸ’°$53 Chanel 2025 early spring new sunglasses. Various internet celebrities are wearing them, full of presenceâ€¼ï¸ Playful and sweet, the effect on the face is even better. The metal texture is excellent. M/13409872469815521.jpg",,,,,,,,,,,,TRUE,,,,,,FALSE,TRUE,,,,,,,,,,53,Size,One Size,"C:/Users/Administrator/Pictures/New folder/ğŸ’°$53 Chanel 2025 early spring new sunglasses. Various internet celebrities are wearing them, full of presenceâ€¼ï¸ Playful and sweet, the effect on the face is even better. The metal texture is excellent. M/13409872469815521.jpg","C:/Users/Administrator/Pictures/New folder/ğŸ’°$53 Chanel 2025 early spring new sunglasses. Various internet celebrities are wearing them, full of presenceâ€¼ï¸ Playful and sweet, the effect on the face is even better. The metal texture is excellent. M/13409872473565211.jpg","C:/Users/Administrator/Pictures/New folder/ğŸ’°$53 Chanel 2025 early-spring new sunglasses. Various internet celebrities are wearing them, full of presenceâ€¼ï¸ Playful and sweet, the effect on the face is even better. The metal texture is excellent. M/13409872475306347.jpg","C:/Users/Administrator/Pictures/New folder/ğŸ’°$53 Chanel 2025 early spring new sunglasses. Various internet celebrities are wearing them, full of presenceâ€¼ï¸ Playful and sweet, the effect on the face is even better. The metal texture is excellent. M/13409872477041011.jpg","C:/Users/Administrator/Pictures/New folder/ğŸ’°$53 Chanel 2025 early spring new sunglasses. Various internet celebrities are wearing them, full of presenceâ€¼ï¸ Playful and sweet, the effect on the face is even better. The metal texture is excellent. M/13409872481821867.jpg","C:/Users/Administrator/Pictures/New folder/ğŸ’°$53 Chanel 2025 early spring new sunglasses. Various internet celebrities are wearing them, full of presenceâ€¼ï¸ Playful and sweet, the effect on the face is even better. The metal texture is excellent. M/13409872486628857.jpg","C:/Users/Administrator/Pictures/New folder/ğŸ’°$53 Chanel 2025 early spring new sunglasses. Various internet celebrities are wearing them, full of presenceâ€¼ï¸ Playful and sweet, the effect on the face is even better. The metal texture is excellent. M/13409872488428829.jpg","C:/Users/Administrator/Pictures/New folder/ğŸ’°$53 Chanel 2025 early spring new sunglasses. Various internet celebrities are wearing them, full of presenceâ€¼ï¸ Playful and sweet, the effect on the face is even better. The metal texture is excellent. M/13409872490200488.jpg","C:/Users/Administrator/Pictures/New folder/ğŸ’°$53 Chanel 2025 early spring new sunglasses. Various internet celebrities are wearing them, full of presenceâ€¼ï¸ Playful and sweet, the effect on the face is even better. The metal texture is excellent. M/13409872494511363.jpg"
,fendi-2025-new-style-absolutely-gorgeous-f-diamond-metal-square-frameless-sunglasses-sun-protection-slimming-effect-anti-uv-unisex-fe4082us,"Fendi 2025 New Style, Absolutely Gorgeous F Diamond, Metal Square Frameless Sunglasses, Sun Protection, Slimming Effect, Anti-UV, Unisex. FE4082US",,,published,"C:/Users/Administrator/Pictures/New folder/ğŸ’°$54 Fendi 2025 New Style, Absolutely Gorgeous F Diamond, Metal Square Frameless Sunglasses, Sun Protection, Slimming Effect, Anti-UV, Unisex. FE4082US/13409872624823156.jpg",,,,,,,,,,,,TRUE,,,,,,FALSE,TRUE,,,,,,,,,,54,Size,One Size,"C:/Users/Administrator/Pictures/New folder/ğŸ’°$54 Fendi 2025 New Style, Absolutely Gorgeous F Diamond, Metal Square Frameless Sunglasses, Sun Protection, Slimming Effect, Anti-UV, Unisex. FE4082US/13409872624823156.jpg","C:/Users/Administrator/Pictures/New folder/ğŸ’°$54 Fendi 2025 New Style, Absolutely Gorgeous F Diamond, Metal Square Frameless Sunglasses, Sun Protection, Slimming Effect, Anti-UV, Unisex. FE4082US/13409872652915619.jpg","C:/Users/Administrator/Pictures/New folder/ğŸ’°$54 Fendi 2025 New Style, Absolutely Gorgeous F Diamond, Metal Square Frameless Sunglasses, Sun Protection, Slimming Effect, Anti-UV, Unisex. FE4082US/13409872655331840.jpg","C:/Users/Administrator/Pictures/New folder/ğŸ’°$54 Fendi 2025 New Style, Absolutely Gorgeous F Diamond, Metal Square Frameless Sunglasses, Sun Protection, Slimming Effect, Anti-UV, Unisex. FE4082US/13409872657357161.jpg","C:/Users/Administrator/Pictures/New folder/ğŸ’°$54 Fendi 2025 New Style, Absolutely Gorgeous F Diamond, Metal Square Frameless Sunglasses, Sun Protection, Slimming Effect, Anti-UV, Unisex. FE4082US/13409872660380696.jpg","C:/Users/Administrator/Pictures/New folder/ğŸ’°$54 Fendi 2025 New Style, Absolutely Gorgeous F Diamond, Metal Square Frameless Sunglasses, Sun Protection, Slimming Effect, Anti-UV, Unisex. FE4082US/13409872664839277.jpg","C:/Users/Administrator/Pictures/New folder/ğŸ’°$54 Fendi 2025 New Style, Absolutely Gorgeous F Diamond, Metal Square Frameless Sunglasses, Sun Protection, Slimming Effect, Anti-UV, Unisex. FE4082US/13409872666854851.jpg","C:/Users/Administrator/Pictures/New folder/ğŸ’°$54 Fendi 2025 New Style, Absolutely Gorgeous F Diamond, Metal Square Frameless Sunglasses, Sun Protection, Slimming Effect, Anti-UV, Unisex. FE4082US/13409872668955071.jpg","C:/Users/Administrator/Pictures/New folder/ğŸ’°$54 Fendi 2025 New Style, Absolutely Gorgeous F Diamond, Metal Square Frameless Sunglasses, Sun Protection, Slimming Effect, Anti-UV, Unisex. FE4082US/13409872673846871.jpg","C:/Users/Administrator/Pictures/New folder/ğŸ’°$54 Fendi 2025 New Style, Absolutely Gorgeous F Diamond, Metal Square Frameless Sunglasses, Sun Protection, Slimming Effect, Anti-UV, Unisex. FE4082US/13409872678470610.jpg","C:/Users/Administrator/Pictures/New folder/ğŸ’°$54 Fendi 2025 New Style, Absolutely Gorgeous F Diamond, Metal Square Frameless Sunglasses, Sun Protection, Slimming Effect, Anti-UV, Unisex. FE4082US/13409872680395288.jpg","C:/Users/Administrator/Pictures/New folder/ğŸ’°$54 Fendi 2025 New Style, Absolutely Gorgeous F Diamond, Metal Square Frameless Sunglasses, Sun Protection, Slimming Effect, Anti-UV, Unisex. FE4082US/13409872685072503.jpg","C:/Users/Administrator/Pictures/New folder/ğŸ’°$54 Fendi 2025 New Style, Absolutely Gorgeous F Diamond, Metal Square Frameless Sunglasses, Sun Protection, Slimming Effect, Anti-UV, Unisex. FE4082US/13409872686969423.jpg"
,cartier-2024-new-frameless-men-s-and-women-s-fashion-anti-blue-light-high-definition-ultra-light-stylish-young-portable-glasses,Cartier 2024 New Frameless Men's and Women's Fashion Anti-Blue Light High-Definition Ultra-light Stylish Young Portable Glasses,,,published,C:/Users/Administrator/Pictures/New folder/ğŸ’°$55 Cartier 2024 New Frameless Men's and Women's Fashion Anti-Blue Light High-Definition Ultra-light Stylish Young Portable Glasses/13409872147827091.jpg,,,,,,,,,,,,TRUE,,,,,,FALSE,TRUE,,,,,,,,,,55,Size,One Size,C:/Users/Administrator/Pictures/New folder/ğŸ’°$55 Cartier 2024 New Frameless Men's and Women's Fashion Anti-Blue Light High-Definition Ultra-light Stylish Young Portable Glasses/13409872147827091.jpg,C:/Users/Administrator/Pictures/New folder/ğŸ’°$55 Cartier 2024 New Frameless Men's and Women's Fashion Anti-Blue Light High-Definition Ultra-light Stylish Young Portable Glasses/13409872181385921.jpg,C:/Users/Administrator/Pictures/New folder/ğŸ’°$55 Cartier 2024 New Frameless Men's and Women's Fashion Anti-Blue Light High-Definition Ultra-light Stylish Young Portable Glasses/13409872183676483.jpg,C:/Users/Administrator/Pictures/New folder/ğŸ’°$55 Cartier 2024 New Frameless Men's and Women's Fashion Anti-Blue Light High-Definition Ultra-light Stylish Young Portable Glasses/13409872185652341.jpg,C:/Users/Administrator/Pictures/New folder/ğŸ’°$55 Cartier 2024 New Frameless Men's and Women's Fashion Anti-Blue Light High-Definition Ultra-light Stylish Young Portable Glasses/13409872187655796.jpg,C:/Users/Administrator/Pictures/New folder/ğŸ’°$55 Cartier 2024 New Frameless Men's and Women's Fashion Anti-Blue Light High-Definition Ultra-light Stylish Young Portable Glasses/13409872190451428.jpg,C:/Users/Administrator/Pictures/New folder/ğŸ’°$55 Cartier 2024 New Frameless Men's and Women's Fashion Anti-Blue Light High-Definition Ultra-light Stylish Young Portable Glasses/13409872192301645.jpg,C:/Users/Administrator/Pictures/New folder/ğŸ’°$55 Cartier 2024 New Frameless Men's and Women's Fashion Anti-Blue Light High-Definition Ultra-light Stylish Young Portable Glasses/13409872194368347.jpg,C:/Users/Administrator/Pictures/New folder/ğŸ’°$55 Cartier 2024 New Frameless Men's and Women's Fashion Anti-Blue Light High-Definition Ultra-light Stylish Young Portable Glasses/13409872196137806.jpg,C:/Users/Administrator/Pictures/New folder/ğŸ’°$55 Cartier 2024 New Frameless Men's and Women's Fashion Anti-Blue Light High-Definition Ultra-light Stylish Young Portable Glasses/13409872198444225.jpg
,lv-large-frame-sunglasses-the-classic-square-frame-design-suits-all-face-shapes-and-looks-very-classy-whether-paired-with-a-coat-or-a-dress-polarized-lenses-prevent-uv-rays-m,LV large-frame sunglasses. The classic square-frame design suits all face shapes and looks very classy whether paired with a coat or a dress. Polarized lenses prevent UV rays. M,,,published,"C:/Users/Administrator/Pictures/New folder/ğŸ’°$57 ã€TR Polarized Seriesã€‘LV large-frame sunglasses. The classic square-frame design suits all face shapes and looks very classy whether paired with a coat or a dress. Polarized lenses prevent UV rays. M/13409869987477801.jpg",,,,,,,,,,,,TRUE,,,,,,FALSE,TRUE,,,,,,,,,,57,Size,One Size,"C:/Users/Administrator/Pictures/New folder/ğŸ’°$57 ã€TR Polarized Seriesã€‘LV large-frame sunglasses. The classic square-frame design suits all face shapes and looks very classy whether paired with a coat or a dress. Polarized lenses prevent UV rays. M/13409869987477801.jpg","C:/Users/Administrator/Pictures/New folder/ğŸ’°$57 ã€TR Polarized Seriesã€‘LV large-frame sunglasses. The classic square-frame design suits all face shapes and looks very classy whether paired with a coat or a dress. Polarized lenses prevent UV rays. M/13409870005556980.jpg","C:/Users/Administrator/Pictures/New folder/ğŸ’°$57 ã€TR Polarized Seriesã€‘LV large-frame sunglasses. The classic square-frame design suits all face shapes and looks very classy whether paired with a coat or a dress. Polarized lenses prevent UV rays. M/13409870013772465.jpg","C:/Users/Administrator/Pictures/New folder/ğŸ’°$57 ã€TR Polarized Seriesã€‘LV large-frame sunglasses. The classic square-frame design suits all face shapes and looks very classy whether paired with a coat or a dress. Polarized lenses prevent UV rays. M/13409870020107284.jpg","C:/Users/Administrator/Pictures/New folder/ğŸ’°$57 ã€TR Polarized Seriesã€‘LV large-frame sunglasses. The classic square-frame design suits all face shapes and looks very classy whether paired with a coat or a dress. Polarized lenses prevent UV rays. M/13409870045576869.jpg","C:/Users/Administrator/Pictures/New folder/ğŸ’°$57 ã€TR Polarized Seriesã€‘LV large-frame sunglasses. The classic square-frame design suits all face shapes and looks very classy whether paired with a coat or a dress. Polarized lenses prevent UV rays. M/13409870056851018.jpg","C:/Users/Administrator/Pictures/New folder/ğŸ’°$57 ã€TR Polarized Seriesã€‘LV large-frame sunglasses. The classic square-frame design suits all face shapes and looks very classy whether paired with a coat or a dress. Polarized lenses prevent UV rays. M/13409870065281889.jpg","C:/Users/Administrator/Pictures/New folder/ğŸ’°$57 ã€TR Polarized Seriesã€‘LV large-frame sunglasses. The classic square-frame design suits all face shapes and looks very classy whether paired with a coat or a dress. Polarized lenses prevent UV rays. M/13409870068459306.jpg","C:/Users/Administrator/Pictures/New folder/ğŸ’°$57 ã€TR Polarized Seriesã€‘LV large-frame sunglasses. The classic square-frame design suits all face shapes and looks very classy whether paired with a coat or a dress. Polarized lenses prevent UV rays. M/13409870077918016.jpg"
,salvatore-ferragamo-model-fd8131-size-53-22-145,Salvatore Ferragamo MODELï¼šFD8131 SIZEï¼š53å£22-145,,,published,C:/Users/Administrator/Pictures/New folder/ğŸ’°$58 Salvatore Ferragamo MODELï¼šFD8131 SIZEï¼š53å£22-145/13409871729521324.jpg,,,,,,,,,,,,TRUE,,,,,,FALSE,TRUE,,,,,,,,,,58,Size,One Size,C:/Users/Administrator/Pictures/New folder/ğŸ’°$58 Salvatore Ferragamo MODELï¼šFD8131 SIZEï¼š53å£22-145/13409871729521324.jpg,C:/Users/Administrator/Pictures/New folder/ğŸ’°$58 Salvatore Ferragamo MODELï¼šFD8131 SIZEï¼š53å£22-145/13409871734744459.jpg,C:/Users/Administrator/Pictures/New folder/ğŸ’°$58 Salvatore Ferragamo MODELï¼šFD8131 SIZEï¼š53å£22-145/13409871738445158.jpg,C:/Users/Administrator/Pictures/New folder/ğŸ’°$58 Salvatore Ferragamo MODELï¼šFD8131 SIZEï¼š53å£22-145/13409871745477342.jpg,C:/Users/Administrator/Pictures/New folder/ğŸ’°$58 Salvatore Ferragamo MODELï¼šFD8131 SIZEï¼š53å£22-145/13409871748368887.jpg,C:/Users/Administrator/Pictures/New folder/ğŸ’°$58 Salvatore Ferragamo MODELï¼šFD8131 SIZEï¼š53å£22-145/13409871754492850.jpg,C:/Users/Administrator/Pictures/New folder/ğŸ’°$58 Salvatore Ferragamo MODELï¼šFD8131 SIZEï¼š53å£22-145/13409871766216361.jpg,C:/Users/Administrator/Pictures/New folder/ğŸ’°$58 Salvatore Ferragamo MODELï¼šFD8131 SIZEï¼š53å£22-145/13409871768295859.jpg,C:/Users/Administrator/Pictures/New folder/ğŸ’°$58 Salvatore Ferragamo MODELï¼šFD8131 SIZEï¼š53å£22-145/13409871771176911.jpg
,lv-2025-new-style-men-s-and-women-s-couple-s-sunglasses-polygon-design-i-electroplating-never-fades-super-light-and-elastic-the-entire-frame-has-no-screws-and-most-importantly-it-s-unbreakab,"â™¦LV 2025 new style men's and women's couple's sunglasses, polygon design. iÂ¥ electroplating never fades, super light and elastic, the entire frame has no screws, and most importantly, it's unbreakab",,,published,"C:/Users/Administrator/Pictures/New folder/ğŸ’°$60 â™¦LV 2025 new style men's and women's couple's sunglasses, polygon design. iÂ¥ electroplating never fades, super light and elastic, the entire frame has no screws, and most importantly, it's unbreakab/13409870429455327.jpg",,,,,,,,,,,,TRUE,,,,,,FALSE,TRUE,,,,,,,,,,60,Size,One Size,"C:/Users/Administrator/Pictures/New folder/ğŸ’°$60 â™¦LV 2025 new style men's and women's couple's sunglasses, polygon design. iÂ¥ electroplating never fades, super light and elastic, the entire frame has no screws, and most importantly, it's unbreakab/13409870429455327.jpg","C:/Users/Administrator/Pictures/New folder/ğŸ’°$60 â™¦LV 2025 new style men's and women's couple's sunglasses, polygon design. iÂ¥ electroplating never fades, super light and elastic, the entire frame has no screws, and most importantly, it's unbreakab/13409870438524787.jpg","C:/Users/Administrator/Pictures/New folder/ğŸ’°$60 â™¦LV 2025 new style men's and women's couple's sunglasses, polygon design. iÂ¥ electroplating never fades, super light and elastic, the entire frame has no screws, and most importantly, it's unbreakab/13409870441671695.jpg","C:/Users/Administrator/Pictures/New folder/ğŸ’°$60 â™¦LV 2025 new style men's and women's couple's sunglasses, polygon design. iÂ¥ electroplating never fades, super light and elastic, the entire frame has no screws, and most importantly, it's unbreakab/13409870445918480.jpg","C:/Users/Administrator/Pictures/New folder/ğŸ’°$60 â™¦LV 2025 new style men's and women's couple's sunglasses, polygon design. iÂ¥ electroplating never fades, super light and elastic, the entire frame has no screws, and most importantly, it's unbreakab/13409870453968401.jpg","C:/Users/Administrator/Pictures/New folder/ğŸ’°$60 â™¦LV 2025 new style men's and women's couple's sunglasses, polygon design. iÂ¥ electroplating never fades, super light and elastic, the entire frame has no screws, and most importantly, it's unbreakab/13409870460351118.jpg","C:/Users/Administrator/Pictures/New folder/ğŸ’°$60 â™¦LV 2025 new style men's and women's couple's sunglasses, polygon design. iÂ¥ electroplating never fades, super light and elastic, the entire frame has no screws, and most importantly, it's unbreakab/13409870463195833.jpg","C:/Users/Administrator/Pictures/New folder/ğŸ’°$60 â™¦LV 2025 new style men's and women's couple's sunglasses, polygon design. iÂ¥ electroplating never fades, super light and elastic, the entire frame has no screws, and most importantly, it's unbreakab/13409870468028153.jpg","C:/Users/Administrator/Pictures/New folder/ğŸ’°$60 â™¦LV 2025 new style men's and women's couple's sunglasses, polygon design. iÂ¥ electroplating never fades, super light and elastic, the entire frame has no screws, and most importantly, it's unbreakab/13409870477708749.jpg"
,salvatore-ferragamo-model-sf1092slb-size-52-19-145,â€¼ï¸Salvatore Ferragamo ğŸ’šğŸ’šMODELï¼šSF1092SLB ğŸ’šğŸ’šğŸ’šSIZEï¼š52å£19-145ğŸ’šğŸ’šğŸ’š,,,published,C:/Users/Administrator/Pictures/New folder/ğŸ’°$69 â€¼ï¸Salvatore Ferragamo ğŸ’šğŸ’šMODELï¼šSF1092SLB ğŸ’šğŸ’šğŸ’šSIZEï¼š52å£19-145ğŸ’šğŸ’šğŸ’š/13409871480712985.jpg,,,,,,,,,,,,TRUE,,,,,,FALSE,TRUE,,,,,,,,,,69,Size,One Size,C:/Users/Administrator/Pictures/New folder/ğŸ’°$69 â€¼ï¸Salvatore Ferragamo ğŸ’šğŸ’šMODELï¼šSF1092SLB ğŸ’šğŸ’šğŸ’šSIZEï¼š52å£19-145ğŸ’šğŸ’šğŸ’š/13409871480712985.jpg,C:/Users/Administrator/Pictures/New folder/ğŸ’°$69 â€¼ï¸Salvatore Ferragamo ğŸ’šğŸ’šMODELï¼šSF1092SLB ğŸ’šğŸ’šğŸ’šSIZEï¼š52å£19-145ğŸ’šğŸ’šğŸ’š/13409871514399841.jpg,C:/Users/Administrator/Pictures/New folder/ğŸ’°$69 â€¼ï¸Salvatore Ferragamo ğŸ’šğŸ’šMODELï¼šSF1092SLB ğŸ’šğŸ’šğŸ’šSIZEï¼š52å£19-145ğŸ’šğŸ’šğŸ’š/13409871518023131.jpg,C:/Users/Administrator/Pictures/New folder/ğŸ’°$69 â€¼ï¸Salvatore Ferragamo ğŸ’šğŸ’šMODELï¼šSF1092SLB ğŸ’šğŸ’šğŸ’šSIZEï¼š52å£19-145ğŸ’šğŸ’šğŸ’š/13409871520939663.jpg,C:/Users/Administrator/Pictures/New folder/ğŸ’°$69 â€¼ï¸Salvatore Ferragamo ğŸ’šğŸ’šMODELï¼šSF1092SLB ğŸ’šğŸ’šğŸ’šSIZEï¼š52å£19-145ğŸ’šğŸ’šğŸ’š/13409871523706804.jpg,C:/Users/Administrator/Pictures/New folder/ğŸ’°$69 â€¼ï¸Salvatore Ferragamo ğŸ’šğŸ’šMODELï¼šSF1092SLB ğŸ’šğŸ’šğŸ’šSIZEï¼š52å£19-145ğŸ’šğŸ’šğŸ’š/13409871525493130.jpg,C:/Users/Administrator/Pictures/New folder/ğŸ’°$69 â€¼ï¸Salvatore Ferragamo ğŸ’šğŸ’šMODELï¼šSF1092SLB ğŸ’šğŸ’šğŸ’šSIZEï¼š52å£19-145ğŸ’šğŸ’šğŸ’š/13409871528312468.jpg,C:/Users/Administrator/Pictures/New folder/ğŸ’°$69 â€¼ï¸Salvatore Ferragamo ğŸ’šğŸ’šMODELï¼šSF1092SLB ğŸ’šğŸ’šğŸ’šSIZEï¼š52å£19-145ğŸ’šğŸ’šğŸ’š/13409871536538145.jpg,C:/Users/Administrator/Pictures/New folder/ğŸ’°$69 â€¼ï¸Salvatore Ferragamo ğŸ’šğŸ’šMODELï¼šSF1092SLB ğŸ’šğŸ’šğŸ’šSIZEï¼š52å£19-145ğŸ’šğŸ’šğŸ’š/13409871539025804.jpg